type,id,lat,lon,tags.addr:postcode,tags.admin_level,tags.alt_name:vi,tags.capital,tags.capital_ISO3166-1,tags.contact:website,tags.is_capital,tags.loc_name,tags.loc_name:fr,tags.name,tags.name:af,tags.name:am,tags.name:an,tags.name:ar,tags.name:arc,tags.name:arz,tags.name:ast,tags.name:ba,tags.name:bat-smg,tags.name:be,tags.name:be-tarask,tags.name:bg,tags.name:bn,tags.name:bo,tags.name:br,tags.name:bs,tags.name:ca,tags.name:cdo,tags.name:ckb,tags.name:co,tags.name:cs,tags.name:csb,tags.name:cu,tags.name:cv,tags.name:de,tags.name:el,tags.name:eml,tags.name:en,tags.name:en:pronunciation,tags.name:eo,tags.name:es,tags.name:et,tags.name:eu,tags.name:ext,tags.name:fa,tags.name:fi,tags.name:fiu-vro,tags.name:fr,tags.name:fr:pronunciation,tags.name:fur,tags.name:fy,tags.name:ga,tags.name:gan,tags.name:gl,tags.name:gn,tags.name:gu,tags.name:gv,tags.name:ha,tags.name:hak,tags.name:haw,tags.name:he,tags.name:hi,tags.name:hr,tags.name:ht,tags.name:hu,tags.name:hy,tags.name:is,tags.name:it,tags.name:ja,tags.name:jbo,tags.name:ka,tags.name:kk,tags.name:km,tags.name:kn,tags.name:ko,tags.name:koi,tags.name:krc,tags.name:ku,tags.name:kv,tags.name:ky,tags.name:la,tags.name:lb,tags.name:lez,tags.name:li,tags.name:lij,tags.name:ln,tags.name:lt,tags.name:lv,tags.name:lzh,tags.name:mhr,tags.name:mi,tags.name:mk,tags.name:ml,tags.name:mn,tags.name:mr,tags.name:mrj,tags.name:my,tags.name:myv,tags.name:mzn,tags.name:nan,tags.name:nap,tags.name:nds,tags.name:nds-nl,tags.name:ne,tags.name:nl,tags.name:no,tags.name:oc,tags.name:or,tags.name:os,tags.name:pa,tags.name:pl,tags.name:pnb,tags.name:pronunciation,tags.name:ps,tags.name:pt,tags.name:roa-rup,tags.name:roa-tara,tags.name:ru,tags.name:rue,tags.name:sah,tags.name:sc,tags.name:scn,tags.name:sh,tags.name:sk,tags.name:sl,tags.name:so,tags.name:sq,tags.name:sr,tags.name:sv,tags.name:szl,tags.name:ta,tags.name:te,tags.name:tet,tags.name:tg,tags.name:th,tags.name:tk,tags.name:tl,tags.name:tt,tags.name:tzl,tags.name:udm,tags.name:ug,tags.name:uk,tags.name:ur,tags.name:uz,tags.name:vec,tags.name:vep,tags.name:vi,tags.name:vls,tags.name:wo,tags.name:xmf,tags.name:yi,tags.name:yo,tags.name:yue,tags.name:za,tags.name:zh,tags.name:zh_pinyin,tags.name:zu,tags.old_name,tags.old_name:fr,tags.old_name:vi,tags.place,tags.population,tags.rank,tags.source:name:oc,tags.wikidata,tags.wikipedia,tags.alt_name,tags.alt_name:gl,tags.name:frp,tags.openGeoDB:postal_codes,tags.ref:FR:SIREN,tags.ref:LOCODE,tags.source:population,tags.name:jv,tags.name:pfl,tags.old_name:la,tags.website,tags.alt_name:ar,tags.alt_name:oc,tags.name:az,tags.postal_code,tags.source:name:eo,tags.alt_name:eo,tags.name:ce,tags.old_name:de,tags.name:zh-Hans,tags.name:zh-Hant,tags.name:pcd,tags.name:pms,tags.short_name:ca,tags.short_name:eu,tags.name:cy,tags.name:fr-x-gallo,tags.population:date,tags.alt_name:br,tags.capital:INSEE,tags.name:gd,tags.name:kw,tags.name:ang,tags.name:bar,tags.name:gsw,tags.name:kab,tags.name:lad,tags.name:mt,tags.name:stq,tags.name:tr,tags.name:crh,tags.alt_name:fro,tags.name:fro,tags.name:zea,tags.old_name:el,tags.name:azb,tags.old_name:sco,tags.source:postal_code,tags.alt_name:la,tags.old_name:nl,tags.ref:SIREN,tags.source,tags.name:1794-01-06--1794-02-12,tags.name:kk-Arab,tags.name:kmr,tags.source:name:br,tags.reg_name,tags.note,tags.alt_name:gcf,tags.name:gcf,tags.description,tags.name:ceb,tags.name:da,tags.name:id,tags.name:io,tags.name:mg,tags.name:ms,tags.name:war,tags.name:ty,tags.alt_name:mk,tags.name:hif,tags.name:lmo,tags.name:nov,tags.ele,tags.name:ia,tags.name:wuu,tags.name:kg,tags.name:lo
node,17807753,48.8566969,2.3514616,75000;75001;75002;75003;75004;75005;75006;75007;75008;75009;75010;75011;75012;75013;75014;75015;75016;75017;75018;75019;75020;75116,2,Ba Lê,yes,yes,http://www.paris.fr,country,Paname,Paname,Paris,Parys,ፓሪስ,París,باريس,ܦܐܪܝܣ,باريس,París,Париж,Parīžios,Парыж,Парыж,Париж,প্যারিস,ཕ་རི།,Pariz,Pariz,París,Bă-là̤,پاریس,Parighji,Paříž,Pariz,Парижь,Парис,Paris,Παρίσι,Parì,Paris,ˈpæɹ.ɪs,Parizo,París,Pariis,Paris,París,پاریس,Pariisi,Pariis,Paris,paʁi,Parîs,Parys,Páras,巴黎,París,Parĩ,પૅરિસ,Paarys,Pariis,Pâ-lì-sṳ,Palika,פריז,पैरिस,Pariz,Pari,Párizs,Փարիզ,París,Parigi,パリ,paris,პარიზი,Париж,ប៉ារីស,ಪ್ಯಾರಿಸ್,파리,Париж,Париж,Parîs,Париж,Париж,Lutetia,Paräis,Париж,Paries,Pariggi,Pari,Paryžius,Parīze,巴黎,Париж,Parī,Париз,പാരിസ്,Парис,पॅरिस,Париж,ပါရီမြို့,Париж ош,پاریس,Pa-lí,Parigge,Paris,Paries,पेरिस,Parijs,Paris,París,ପ୍ୟାରିସ,Париж,ਪੈਰਿਸ,Paryż,پیرس,paʁi,پاريس,Paris,Parij,Parigge,Париж,Паріж,Париж,Parigi,Pariggi,Pariz,Paríž,Pariz,Baariis,Parisi,Париз,Paris,Paryż,பாரிஸ்,పారిస్,París,Париж,ปารีส,Pariž,Paris,Париж,Parighi,Париж,پارىژ,Париж,پیرس,Parij,Parixe,Pariž,Paris,Parys,Pari,პარიზი,פאריז,Parisi,巴黎,Bahliz,巴黎,Bālí,IParisi,Lutèce,Lutèce,Ba Lê,city,2187526,0,ieo-bdtopoc,Q90,fr:Paris,,,,,,,,,,,,,,,,,,,,,,,,,,,,,,,,,,,,,,,,,,,,,,,,,,,,,,,,,,,,,,,,,,,,,,,,,,,,,,
node,20626319,45.7578137,4.8320114,69002,,,4,,,,,,Lyon,,,,ليون,,,,,,Ліён,,Лион,,,Lyon,,Lió,,,,,,,,,Λυών,,Lyon,,Liono,,,,,,,,Lyon,,,,,,Lión,,,,,,,,,,,Lyon,,,Lione,リヨン,,,,,ಲ್ಯೊ,리옹,,,,,,Lugdunum,,,,,,Lionas,Liona,,,,Лион,,,,,,,,,,,,,,,Lion,,,,,,,,Lião,,,Лион,,,,,,,,,,Лион,,,,,,,,,,,,,,Ліон,,,Lion,,,,,,,,,,里昂,,,,,,city,500715,10,ieo-bdtopoc,Q456,fr:Lyon,Lion,Lyon,Liyon,"69001,69002,69003,69004,69005,69006,69007,69008,69009",216901231,FRLIO,INSEE 2013,,,,,,,,,,,,,,,,,,,,,,,,,,,,,,,,,,,,,,,,,,,,,,,,,,,,,,,,,,,,,,,,,,,,,,,
node,26686463,49.1196964,6.1763552,57000;57050;57070,,,6,,,,,,Metz,,መትዝ,,متز,,,,,,Мец,,Мец,,མེ་ཊི་ཛི།,,,,,,,Mety,,,,,Μετς,,,,,,,,,متز,,,Metz,,,,,,,,,,,,,מץ,,,,Metz,Մեց,,,メス,,მეცი,Мец,,,메스,,,,,,Mettis,,,,,,Mecas,Meca,,,,Мец,,,मेस,,,,متز,,,,,,,,Mètz,,,,,میٹز,,,,,,Мец,,,,,,,,,,Мец,,,மெட்சு,,,,แม็ส,,,,,Мец,,Мец,میتز,,,,,,,,מעץ,,,,梅斯,,,,,,city,,,ieo-bdtopoc,Q22690,fr:Metz,,,,,215704636,,,Métz,Meds,Divodurum-Mediomatricorum,https://metz.fr/,,,,,,,,,,,,,,,,,,,,,,,,,,,,,,,,,,,,,,,,,,,,,,,,,,,,,,,,,,,,,,,,,,,
node,26686468,47.3900474,0.6889268,,,,6,,,,,,Tours,,,,تور,,,,,,Тур,,Тур (град),,,Teurgn,,,,,,,,,,,Τουρ,,,,Turo,,,,,تور,,,,,,,,,,,,,,,,טור,टुर,,,Tours,Տուր (քաղաք),,,トゥール,,ტური (საფრანგეთი),,,,투르,,,,,,Caesarodunum,,,,,,Tūras,Tūra,,,,,,,"तुर, फ्रान्स",,,,,,,,,,Tours (Indre-et-Loire),,Tors,,,,,,,,,,,Тур,,,,,,,,,,Тур,,,,,,Тур (Фаронса),,,,Тур (шәһәр),,,,Тур,تؤغ,Tours (Indre-et-Loire),,,,,,,,,,,图尔,,,,,,city,,,ieo-bdtopoc,Q288,,,,,,,,,,,,,طرش;ترش;تور (مدينة),,,,,,,,,,,,,,,,,,,,,,,,,,,,,,,,,,,,,,,,,,,,,,,,,,,,,,,,,,,,,,,,,,
node,26686473,45.7774551,3.0819427,,,,6,,,,,,Clermont-Ferrand,,,,كليرمون-فيران,,,,,,Клермон-Феран,,Клермон-Феран,,,Clarmont d'Auvergn,,Clarmont-d'Alvèrnia,,,,,,,,,Κλερμόν-Φεράν,,,,Klermonto-Ferando,,,,,کلرمون-فران,,,Clermont-Ferrand,,,,,,,,,,,,,קלרמון-פראן,क्लेरमाँ-फ़ेराँ,,,Clermont-Ferrand,Կլերմոն-Ֆերան,,,クレルモン＝フェラン,,კლერმონ-ფერანი,,,,클레르몽페랑,,,,,,Augustonemetum,,,,,,Klermonas-Feranas,Klermonferāna,,,,Клермон-Феран,,,क्लेरमाँ-फेराँ,,,,کلرمون-فران,,,,,,,,Clarmont (e Ferrand / d'Auvèrnhe),,,,,کلیمون-فیراند,,,,,,Клермон-Ферран,,,,,,,,,,Клермон Феран,,,,,,,แกลร์มง-แฟร็อง,,,,,,,Клермон-Ферран,,,,,,,,,,,,,克莱蒙费朗,,,,,,city,143886,,ieo-bdtopoc,Q42168,fr:Clermont-Ferrand,,,Cllârmont-Fèrrand,,216301135,,INSEE 2020,,,,https://clermont-ferrand.fr/,,Clarmont-d'Auvèrnhe,Klermon-Feran,63000,SAT: http://www.satesperanto.org/eldonkooperativo/IMG/jpg/Mapo201107.jpg,,,,,,,,,,,,,,,,,,,,,,,,,,,,,,,,,,,,,,,,,,,,,,,,,,,,,,,,,,,,,,
node,26686477,49.2577886,4.031926,,,,7,,,,,,Reims,,,,ريمس,,,,,,Рэймс,,Реймс,,,,,,,,,Remeš,,,Реймс,,Ρενς,,,,Reims,,,,,رنس,,,Reims,,,,,,,,,,,,,ריימס,,,,Reims,Ռեյմս,,,ランス,,რეიმსი,Реймс,,,랭스,,,,,,Durocortorum,,,,,,Reimsas,Reimsa,,,,Ремс,,,रेंस,,,,رنس,,,,,,,,Rems,,,,,رائیم,,,,,,Реймс,,,,,,,,,,Ремс,,,,,,,แร็งส์,,,,,,,Реймс,,,,,,,,,,,,,兰斯,,,,,,city,,,ieo-bdtopoc,Q41876,,,,,,,,,,,,,,,,,,Remso,Реймс,,,,,,,,,,,,,,,,,,,,,,,,,,,,,,,,,,,,,,,,,,,,,,,,,,,,,,,,,,,,
node,26686504,47.3215806,5.0414701,21000,,,4,,,,,,Dijon,,,,ديجون,,,,,,Дыжон,,,,,Dijoñ,,,,,,,,,,Dijon,Ντιζόν,,,,Diĵono,,,,,,,,Dijon,,,,,,,,,,,,,,,,,Dijon,,,Digione,ディジョン,,,,ឌីហ្សុង,ಡೀಝೋನ್,,,,,,,Divio,,,,,,Dižonas,,,,,,,,,,,,,,,,,,,,Dijon,,,,,,,,,,,Дижон,,,,,,,,,,Дижон,,,,,,,ดีฌง,,,,,,,Діжон,,,,,,,,,,,,,第戎,,,,,,city,156920,,ieo-bdtopoc,Q7003,fr:Dijon,,,,,212102313,,INSEE 2011,,,,,دجون,,,,,,,Dision,,,,,,,,,,,,,,,,,,,,,,,,,,,,,,,,,,,,,,,,,,,,,,,,,,,,,,,,,,,
node,26686508,47.9027336,1.9086066,45000;45100,,,4,,,,,,Orléans,,,,أرليانش,,,,,,,,,,,Orleañs,,,,,,,,,,,Ορλεάνη,,,,Orleano,Orleans,,,,,,,,,,,,,,,,,,,,אורליאן,,,,Orléans,,,,オルレアン,,,,,,,,,,,,Cenabum,,,,,,Orleanas,,,,,Орлеан,,,,,,,,,,,,,,,Orleans,,,,Orlean,,,,Orleães,,,Орлеан,,,,,,,,,,Орлеан,,,,,,,,,,,,,,,,,,,,,,,,,,,,,,,,,city,,,ieo-bdtopoc,Q6548,fr:Orléans,,,,,214502346,,,,,,,أورليان;أليانش;أورليون,,,,,,,,奥尔良,奧爾良,,,,,,,,,,,,,,,,,,,,,,,,,,,,,,,,,,,,,,,,,,,,,,,,,,,,,,,,,
node,26686514,49.8941708,2.2956951,,,,6,,,,,,Amiens,,,,أميان,,,,,,Ам’ен,,,,,Añmieñ,,,,,,,,,,,Αμιένη,,,,Amieno,,,,,امیان,,,Amiens,,,,,,,,,,,,,אמיין,,,,Amiens,Ամյեն,,,アミアン,,ამიენი,,,,아미앵,,,,,,Samarobriva,,,,,,Amjenas,,,,,,,,आमियां,,,,,,,,,,,,Amians,,,,,,,,,,,Амьен,,,,,,,,,,Амјен,,,,,,,อาเมียง,,,,,,,Ам’ен,امیان,,,,,,,,,,,,亞眠,,,,,,city,,,,Q41604,,,,,,,,,,,,,,,,,,,,,亚眠,亞眠,Anmien,,,,,,,,,,,,,,,,,,,,,,,,,,,,,,,,,,,,,,,,,,,,,,,,,,,,,,,,
node,26686518,43.6044622,1.4442469,31000;31100;31200;31300;31400;31500,,,4,,,,,,Toulouse,,ቱሉዝ,,تولوز,,,,,,Тулюза,,Тулуза,,ཊོའུ་ལོའུ་སེ།,Toloza,,Tolosa de Llenguadoc,,,Tolosa,,Tólóza,,,,Τουλούζη,,,,Tuluzo,Tolosa,,Tolosa Okzitania,,تولوز,,,Toulouse,,,,,,Tolosa,,,,,,,טולוז,तुलूज़,,,Toulouse,Թուլուզ,,Tolosa,トゥールーズ,,ტულუზა,Тулуза,,ತೂಲೂಸ್,툴루즈,,,,,,Tolosa,,,,,,Tulūza,Tulūza,,Тулузо,,Тулуза,ടൂളൂസ്,,तुलूझ,,,,تولوز,,Tolosa,,,,,,Tolosa,,Тулузæ,ਟੁਲੂਜ਼,Tuluza,تولوز,,,,,,Тулуза,,,Tolosa,Tolosa,,,,,,Тулуза,,,துலூஸ்,,,,ตูลูซ,,,Тулуза,,,,Тулуза,تولوز,,Tołoxa,,,,,ტულუზა,טולוז,,圖魯茲,,图卢兹,,,,,,city,441802,,ieo-bdtopoc,Q7880,oc:Tolosa,,,Tolosa,,213105554,,INSEE 2013,,,,https://www.toulouse.fr/,,,Tuluza,,,,Тулуза,Tholosen,,圖盧茲,,Tolosa,Tolosa,Tolosa,,,,,,,,,,,,,,,,,,,,,,,,,,,,,,,,,,,,,,,,,,,,,,,,,,,,,
node,26686524,45.8354243,1.2644847,87000;87100;87280,,,6,,,,,,Limoges,,,,ليموج,,,,,,,,,,,,,Llemotges,,,,,,,,,Λιμόζ,,,,Limoĝo,,,,,,,,Limoges,,,,,,,,,,,,,לימוז',,,,Limoges,,,,リモージュ,,,,,,,,,,,,Augustoritum,,,,,,Limožas,,,,,,,,,,,,,,,,,,,,Limòtges,,,,,,,,,,,Лимож,,,,,,,,,,Лимож,,,,,,,,,,,,,,Лімож,,,,,,,,,,,,,,,,,,,city,132000,,ieo-bdtopoc,Q45656,fr:Limoges,,,,,218708501,,,,,,,,,,,,,,,,,,,,,,,,,,,,,,,,,,,,,,,,,,,,,,,,,,,,,,,,,,,,,,,,,,,,,,,,,
node,26686526,48.1113387,-1.6800198,35000;35200;35700,,,4,,,,,,Rennes,,,,رين,,,,,,Рэн,Рэн,Рен,,,Roazhon,,,,,,,,,,,Ρεν,,Rennes,,Renno,,,,,رن,,,Rennes,,,,,,,,,,,,,רן,,,,Rennes,Ռեն,,,レンヌ,,რენი,,,,렌,,,,,,Condate,,,,,,Renas,Renna,,,,,,,ऱ्हेन,,,,رن,,,,,,,,Rennes,,,,,رینے,,,,,,Ренн,,,,,,,,,,Рен,,,ரேன்,,,,แรน,,,,,,Rénn Shehiri,Ренн,رین,,,,,,,,,,,,雷恩,,,,,,city,215366,,ieo-bdtopoc,Q647,fr:Rennes,,,Rènes,,213502388,,INSEE,,,,https://metropole.rennes.fr/,,,Ren,,,,,,,,,,,,Roazhon,Renn,2015,,,,,,,,,,,,,,,,,,,,,,,,,,,,,,,,,,,,,,,,,,,,,,,,,,
node,26686539,45.4401467,4.3873058,42000;42100,,,6,,,,,,Saint-Étienne,,,,سانت إتيان,,,,,,,,,,,,,,,,,,,,,,Σαιντ-Ετιέν,,,,Sankta-Stefano,,,,,,,,Saint-Étienne,,,,,,,,,,,,,,,,,Saint-Étienne,,,,サン＝テティエンヌ,,,,,,,,,,,,,,,,,,Sent Etjenas,,,,,,,,,,,,,,,,,,,,Sant Estève,,,,,,,,,,,Сент-Этьен,,,,,,,,,,Сент Етјен,,,,,,,,,,,,,,Сент-Етьєн,,,,,,,,,,,,,,,,,,,city,173089,,ieo-bdtopoc,Q42716,fr:Saint-Étienne,,,,,214202186,,wikipedia,,,,,,,,,,San-Stefano,,,,,,,,,,,2018-01-01,,,,,,,,,,,,,,,,,,,,,,,,,,,,,,,,,,,,,,,,,,,,,,,,,,
node,26686548,47.2186371,-1.5541362,44000;44100;44200;44300,,,4,,,,,,Nantes,,,,نانت,,,,,,Нант,,Нант,,,Naoned,,Nantes,,,,,,,,,Νάντη,,,,Nanto,,,,Nanti,نانت,,,Nantes,,,,Naoned,,,,,Naoned,,,,נאנט,नांत,,,Nantes,Նանտ,,,ナント,,ნანტი,Нант,,ನಾಂತ್,낭트,,,,,,Portus-Namnetum,,,,,,Nantas,Nante,,,,Нант,,,नाँत,,,,نانت,,,,,,,,Nantas,,,ਨੌਂਤ,,نانتیز,,,,,,Нант,,,,,,,,,,Нант,,,நாந்து,,,,น็องต์,,,,,,,Нант,نانت,,,,,,,,נאנט,,,,南特,,,,,,city,309346,,,Q12191,fr:Nantes,,,,,214401093,,INSEE 2020,,,,http://www.nantes.fr/,,,,,,,,,,,,,,,Naoned,,,An Naoned,zone d'emploi,Naoned,Naoned,,,,,,,,,,,,,,,,,,,,,,,,,,,,,,,,,,,,,,,,,,,,,,
node,26686554,47.2380222,6.0243622,25000,,,6,,,,,,Besançon,,,,بيزنسون,,,,,,Безансон,,Безансон,,,,,,,,,,,,Безансон,Besançon,Μπεζανσόν,,,,Bezansono,Besanzón,,,,بزانسون,,,Besançon,,,,,,,,,,,,,בזאנסון,,,,Besançon,Բեզանսոն,,,ブザンソン,,ბეზანსონი,,,,브장송,,,,,,Vesontio,,,,,,Bezansonas,Bezansona,,,,Безансон,,,बेझाँसों,,,,بزانسون,,,,,,,,Besançon,,,,,بیسانکاں,,,,,,Безансон,,,,,,,,,,Безансон,,,,,,,เบอซ็องซง,,,,,,,Безансон,بیزانسون,,,,,,,,בעזאנסאן,,,,贝桑松,,,,,,city,,,ieo-bdtopoc,Q37776,fr:Besançon,,,,,212500565,,,,,,,,,,,,,Безансон,Bisanz,,,,,,,,,,,,,,,,,,,,,,,,,,,,,,,,,,,,,,,,,,,,,,,,,,,,,,,,,,,
node,26686559,48.0073849,0.1967849,72000;72100,,,6,,,,,,Le Mans,,,,لو مان,,,,,,Ле Ман,,Льо Ман,ল্য মঁস,,Ar Mañs,,,,,,,,,,,Λε Μαν,,Le Mans,,Manso,,,,,لو مان,,,Le Mans,,,,,,,,,,,,,לה מאן,,,,Le Mans,,,,ル・マン,,ლე-მანი,,,,르망,,,,,,Vindunum,,,,,,Le Manas,Lemāna,,,,Ле Ман,,,,,,,لومان,,,,,,,,Lo Mans,,,,,لی مانس,,,,,,Ле Ман,,,,,,,,,,Ле Ман,,,,,,,,,,,,,,Ле Ман,لو مان,,,,,,,,,,,,勒芒,,,,,,city,142946,,ieo-bdtopoc,Q1476,fr:Le Mans,,,,,217201813,,,,,,http://www.lemans.fr/,,,,,,,,,,,,,,,,,,,,,,,,,,,,,,,,,,,,,,,,,,,,,,,,,,,,,,,,,,,,,,,,,,,
node,26686563,48.584614,7.7507127,,,,4,,,,,,Strasbourg,,ስትራዝቡርግ,,ستراسبورغ,,,,,,Страсбург,,Страсбург,,སི་ཐི་རཱ་སི་བུར།,Strosburi,,Estrasburg,,ستراسبورگ,Strasburgu,Štrasburk,,,Страсбург,Straßburg,Στρασβούργο,Straśbûrg,,,Strasburgo,Estrasburgo,,Estrasburgo,Estrasburgu,استراسبورگ,,,Strasbourg,,,Straasburch,,,Estrasburgo,,સ્ટ્રાસબોર્ગ,,,,,שטרסבורג,स्ट्रासबर्ग,,Estrasbou,Strasbourg,Ստրասբուրգ,,Strasburgo,ストラスブール,,სტრასბური,,,ಸ್ಟ್ರಾಸ್ಬುರ್ಗ್,스트라스부르,,,Strasbûrg,,,Argentoratum,Stroossbuerg,,Sjtraasburg,,,Strasbūras,Strasbūra,,,,Стразбур,,,स्त्रासबुर्ग,,,,استراسبورگ,,Strasburgo,Straßborg,,,Straatsburg,,Estrasborg,,Страсбург,,Strasburg,شٹراسبرگ,,,Estrasburgo,,,Страсбург,,,,Strasburgu,,Štrasburg,,,,Стразбур,,,ஸ்திராஸ்பூர்க்,,,,สทราซบูร์,,,,,,Strasburg,Страсбург,ستراسبورگ,Strasburg,Strasburgo,,,Stroatsburg,,,שטראסבורג,,斯特拉斯堡,,斯特拉斯堡,,,,,,city,279284,,ieo-bdtopoc,Q6602,fr:Strasbourg,,,Strasbôrg,,216704825,,INSEE 2013,,Stroosburi,,https://www.strasbourg.eu/,,,Strasburq,67000;67100;67200,,,,,,史特拉斯堡,,Strasborgh,,,Strasbwrg,,,,,,,Strǣtburg,Stråssburg,Strossbüri,Strassburg,Strasburgo,Strażburgu,Straasbuurich,Strazburg,,,,,,,,,,,,,,,,,,,,,,,,,,,,,,,,,,,,,,
node,26686568,47.7467,7.3389275,,,,7,,,,,,Mulhouse,,,,ميلوز,,,,,,,,,,,,,,,,,Mylhúzy,,,,Mülhausen,Μυλούζη,,,,Mulhaŭzo,,,,,,,,,,,,,,,,,,,,,,,,,Mulhouse,,,,ミュルーズ,,,,,,,,,,,,Mulhusia,,,,,,Miulūzas,,,,,,,,,,,,,,,,,,,,Mülhausen,,,,Miluza,,,,,,,Мюлуз,,,,,,,,,,Милуз,,,,,,,,,,,,,,Мюлуз,,,,,,,,,,,,,,,,,,,city,109443,,ieo-bdtopoc,Q79815,,,,,,,,,,,,,,,,,,Miluzo,,,,,,,,,,,,,,,,,,Milhüsa,,,,,,,,,,,,,,,,,,,,,,,,,,,,,,,,,,,,,,,,,,,
node,26686572,47.4739884,-0.5515588,49000;49100,,,6,,,,,,Angers,,አንዤ,,أنجيه,,,,,,Анжэ,,Анже,,,Añje,,,,,,,,,,,Ανζέ,,,,Anĝero,,,,,آنژه,,,Angers,,,,,,,,,,,,,אנז'ה,,,Anje,,,,,アンジェ,,ანჟე,,,,앙제,,,,,,Andecavis,,,,,,Anžė,Anžē,,,,,,,अँजी,Анже,,,آنژو,,,,,,,,Angieus,,,,,اینگرز,,,,,,Анже,,,,,,,,,,Анже,,,,,,,,,,,,,,Анже,آنژہ,Anje,Anzier,,,,,,,,,,昂热,,,,,,city,149017,,ieo-bdtopoc,Q38380,fr:Angers,,,,,214900078,,INSEE 2012,,,Juliomagus,http://www.angers.fr/,,,Anje,,,Anĝevo,,,,,,,,,,,,,,,,,,,,,,,,Anje,,,,,,,,,,,,,,,,,,,,,,,,,,,,,,,,,,,,,
node,26686577,50.6365654,3.0635282,,,,4,,,,,,Lille,,,,ليل,,,,,,,,,,,,,Lilla,,,,,,,,,Λίλλη,,,,Lillo,,,,,,,,Lille,,,,,,,,,,,,,,,,,Lille,,,Lilla,リール,,,,,,릴,,,,,,Insula,,,,,,Lilis,,,,,,,,,,,,,,,,,,Rijsel,,,,,,,,,,,,,Лилль,,,,,,,,,,Лил,,,,,,,,,,,,,,Лілль,,,,,,Rysel,,,,,,,,,,,,,city,232741,,,Q648,fr:Lille,,,,,215903501,,,,,,http://www.lille.fr/cms,,,,,,Lilo,,Ryssel,里尔,里爾,,,,,,,2015,,,,,,,,,,,,,,,,,,,,,,,,,,,,,,,,,,,,,,,,,,,,,,,,,,
node,26686582,43.1257311,5.9304919,83000;83100;83200,,,6,,,,,,Toulon,,,,تولون,,,,,,,,,,,,,Toló,,,,,,,,,Τουλώνη,,,,Tulono,Tolón,,,,تولون,,,,,,,,,,,,,,,,טולון,तुलों,,,Toulon,,,Tolone,トゥーロン,,,,,,,,,,,,,,,,,,Tulonas,,,,,,,,,,,,,,,,,,,,Tolon,,,,Tulon,,,,,,,Тулон,,,,,,,,,,Тулон,,,,,,,,,,,,,,Тулон,تولون,,,,,,,,,,,,,,,,,,city,,,ieo-bdtopoc,Q44160,fr:Toulon,,,,,218301372,,,,,,,,,,,,,,,土伦,土倫,,,,,,,,,,,,,,,,,,,,,,,,,,,,,,,,,,,,,,,,,,,,,,,,,,,,,,,,,
node,26686585,43.8374249,4.3600687,30000;30900,,,6,,,,,,Nîmes,,,,نيم,,,,,,,,,,,,,Nimes,,,,,,,,,Νιμ,,Nimes,,Nimo,,,,,,,,,,,,,,,,,,,,,,,,,Nîmes,,,,ニーム_,,,,,,,,,,,,Nemausus,,,,,,Nimas,,,,,,,,,,,,,,,,,,,,Nimes,,,,,,,,,,,Ним,,,,,,,,,,Ним,,,,,,,,,,,,,,Нім,,,,,,,,,,,,,,,,,,,city,149633,,ieo-bdtopoc,Q42807,fr:Nîmes,,,,,213001894,,wikipedia,,,,,,,,,,,,,尼姆,尼姆,,,,,,,2018-01-01,,,,,,,,,,,,,,,,,,,,,,,,,,,,,,,,,,,,,,,,,,,,,,,,,,
node,26686587,49.4404591,1.0939658,76000;76100,,,4,,,,,,Rouen,,ሩዋን,Ruán,روان,,,Ruan,,,Руан,,Руан,,,Rouan,,,,,,,,,,,Ρουέν,,,,Rueno,Ruan,,,,روان,,,Rouen,,,Roeaan,,,Ruán,,,,,,,רואן,रुआं,,,Rouen,Ռուան,Rúðuborg,,ルーアン,,რუანი,Руан,,,루앙,,,,,,Rotomagus,,,,,,Ruanas,Ruāna,,Руан,,Руан,,,रोआँ,,,,روان,,,,Roeaan,,,,Roan,,Руан,,,رؤن,,,Ruão,,,Руан,,,,,,,,,,Руан,,,,,,,รูอ็อง,,,,,Руан,,Руан,,Ruan,Rovan,,,,,,,,,,鲁昂,,,,Roüan,,city,,,ieo-bdtopoc,Q30974,fr:Rouen,,,,,,,,,,,,,,Ruan,,,,,,,,,,,,,,,,,,,Roðem,,,,,,,,,Rodomo;Rodom,Rothom,Roeaan,Ρατό-μαγοϛ,,,,,,,,,,,,,,,,,,,,,,,,,,,,,,,,,
node,26686589,45.1875602,5.7357819,38000;38100,,,6,,,,,,Grenoble,,,,غرونوبل,,,,,,Грэнобль,,,,,,,,,,,,,,,,Γκρενόμπλ,,,,Grenoblo,,,,,,,,,,,,,,,,,,,,,,ग्रेनोब्ल,,,Grenoble,,,,グルノーブル,,,,,ಗ್ರೇನೋಬ್ಲ್,,,,,,,Cularone,Grenobel,,,,,Grenoblis,,,,,,,,,,,,,,,,,,,,Grenoble,,,,,,,,,,,Гренобль,,,,,,,,,,Гренобл,,,,,,,,,,,,,,Гренобль,,,,,,,,,,,,,,,,,,,city,157650,,ieo-bdtopoc,Q1289,fr:Grenoble,,,,,213801855,,wikipedia,,,,,,,,,,,,,,,,,,,,,2018-01-01,,,,,,,,,,,,,,,,,,,,,,,,,,,,,,,,,,,,,,,,,,,,,,,,,,
node,26686593,48.8356649,2.240206,92100,,,7,,,,,,Boulogne-Billancourt,,,,بولون-بيانكور,,,,,,,,,,,,,,,,,,,,,,Μπουλόν-Μπιγιανκούρ,,,,,,,,,بولونی-بیانکور,,,Boulogne-Billancourt,,,,,,,,,,,,,,,,,,,,,ブローニュ＝ビヤンクール,,,,,,,,,,,,,,,,,,Bulonė-Bijankūras,,,,,,,,,,,,بولونی بیانکور,,,,,,,,,,,,,بولون-بلانکور,,,,,,Булонь-Бийанкур,,,,,,,,,,,,,,,,,,,,,,,,Булонь-Біянкур,,,,,,,,,,,,,,,,,,,city,,,,Q172455,fr:Boulogne-Billancourt,,,,,,,,,,,,,,,,,,,,,,,,,,,,,,,,,,,,,,,,,,,,,,بولونی-بیانکور,,,,,,,,,,,,,,,,,,,,,,,,,,,,,,,,
node,26686595,43.5298424,5.4474738,13090;13100,,,7,,,,,,Aix-en-Provence,,,Ais de Provença,آكس أون بروفانس,,,,,,,,Екс ан Прованс,,,,,Ais de Provença,,,,,,,,,Αιξ-αν-Προβάνς,,,,Aikso Provenca,,,,,,,,,,,,,,,,,,,,,אקס-אן-פרובאנס,,,,Aix-en-Provence,,,,エクス＝アン＝プロヴァンス,,,,,,엑상프로방스,,,,,,Aquae Sextiae,,,,,,Provanso Eksas,,,,,,,,,,,,,,,,,,,,Ais de Provença,,,,,,,,,,,Экс-ан-Прованс,,,,,,,,,,Екс ан Прованс,,,,,,,,,,,,,,Єкс-ан-Прованс,,,,,,,,,,,,,艾克斯,,,,,,city,143097,,ieo-bdtopoc,Q47465,fr:Aix-en-Provence,,,,,211300017,,wikipedia,,,,,,,,,,,,,艾克斯,艾克斯,,,,,,,2018-01-01,,,,,,,,,,,,,,,,,,,,,,,,,,,,,,,,,,,,,,,,,,,,,,,,,,
node,26691694,46.1591126,-1.1520434,17000,,,6,,,,,,La Rochelle,,,,لا روشيل هي,,,,,,Ла Рашэль,,Ла Рошел,লা রোচ্যাল,ལ་རོ་ཅེ་ལེ།,Ar Roc'hell,,La Roquel·la,,,,,,,,,Λα Ροσέλ,,,,Roĉelo,,,Arroxela,,لا روشل,,,La Rochelle,,,,,,,,,,,,,לה רושל,,,,,Լա Ռոշել,,,ラ・ロシェル,,ლა-როშელი,,,,라로셸,,,,,,Rupella,,,,,,La Rošelis,Larošela,,,,,,,,,,,,,,,,,,,La Rochèla,,,,,,,,,,,Ла Рошель,,,,,,,,,,Ла Рошел,,,,,,,ลารอแชล,,,,,,,Ла Рошель,لا روشیل,,,,,,,,,,,,拉罗歇尔,,,,,,city,,,ieo-bdtopoc,Q82185,fr:La Rochelle,,,,,211703004,,,,,,,,,La Roşel,,,,,,,,,,,,,,,,,,,,,,,,,,,,,,,,,The Rotchell,,,,,,,,,,,,,,,,,,,,,,,,,,,,,,,
node,26691769,46.5802596,0.340196,,,,6,,,,,,Poitiers,,,,بواتييه,,,,,,,,,,,Poatie,,,,,,,,,,,Πουατιέ,,,,Puatiero,,,,,پواتیه,,,Poitiers,,,,,,,,,,,,,פואטייה,,,,Poitiers,Պուատիե,,,ポワチエ,,პუატიე,,,,푸아티에,,,,,,,,,,,,Puatjė,,,,,Поатје,,,,,,,,,,,,,,,Peitieus,,,,,,,,,,,Пуатье,,,,,,,,,,Поатје,,,,,,,,,,,,,,Пуатьє,,,,,,,,,,,,,普瓦捷,,,,,,city,87435,,ieo-bdtopoc,Q6616,fr:Poitiers,,,,,218601946,,INSEE 2017,,,,https://www.poitiers.fr/,,,,86000,,Potevo,,,,,,,,,,,,,,,,,,,,,,,,,,,,,,,La Poste - 12/2014,,,,,,,,,,,,,,,,,,,,,,,,,,,,,,
node,26691842,50.9524769,1.8538446,,,,7,,,,,,Calais,,,,كاليه,,,,,,,,Кале,,,,,,,,,,,,,,Καλαί,,,,Kalezo,,,,,,,,Calais,,,,,,,,,,,,,,,,,,,,,カレー,,,,,,칼레,,,,,,Caletum,,,,,,,,,,,,,,,,,,,,,,,,,,,,,,,,,,,,,Кале,,,,,,,,,,,,,,,,,,,,,,,,,,,,,,Kales,,,,,,,加来,,,,,,city,,,,Q6454,,,,,,216201939,,,,,,,,,,,,,,Kalen,加来,加來,Calés,,,,,,,,,,,,,,,,,,,,,,,,,Calice,,Calesium,Kales,,,,,,,,,,,,,,,,,,,,,,,,,,,,
node,26691955,48.9479069,2.2481797,95100,,,7,,,,,,Argenteuil,,,,,,,,,,,,,,,,,,,,,,,,,,Αρζαντέιγ,,,,,,,,,,,,,,,,,,,,,,,,,,,,,,,,,アルジャントゥイユ,,,,,,,,,,,,,,,,,,,,,,,,,,,,,,,,,,,,,,,,,,,,,,,,,Аржантёй,,,,,,,,,,,,,,,,,,,,,,,,,,,,,,,,,,,,,,,,,,,city,104282,,,Q181946,fr:Argenteuil (Val-d'Oise),,,,,,,INSEE 2007,,,,,,,,,,,,,,,,,,,,,,,,,,,,,,,,,,,,,,,,,,,,219500188,http://wiki.openstreetmap.org/index.php/Fr:Map_Features#Toponymie_.28place.29 says that place with more dan 100000 is city.,,,,,,,,,,,,,,,,,,,,,,,,,,
node,26692183,51.0347708,2.3772525,59140;59240;59640,,,7,,,,,,Dunkerque,,,,دونكيرك,,,,,,,,,,,,,,,,,,,,,Dünkirchen,Δουνκέρκη,,Dunkirk,,Dunkirko,Dunkerque,,,,,,,Dunkerque,,,,,,,,,,,,,דנקרק,,,,Dunkerque,,,Dunkerque,ダンケルク,,,,,,됭케르크,,,,,,Dunquerca,,,,,,Diunkerkas,,,,,,,,,,,,,,,,,,Duinkerke,,,,,,Dunkierka,,,,Dunquerque,,,Дюнкерк,,,,,,,,,,Денкерк,,,,,,,,,,,,,,Дюнкерк,,,,,,Duunkerke,,,,,,,敦刻尔克,,,,,,city,,,,Q45797,fr:Dunkerque,,,,,215901836,,,,,,,,,,,,,,,,敦克爾克,,,,,,,,,,,,,,,,,,,,,,,,,,,,,,,,,,,,,,,,,,,,,,,,,,,,,,,,,
node,26692216,48.8623357,2.4412184,93100,,,,,,,,,Montreuil,,,,,,,,,,,,Монтрьой,,,,,,,,,,,,,,Μοντρέιγ,,,,Montrojlo,,,,,,,,,,,,,,,,,,,,,,,,,,,,,,,,,,,,,,,,,,,,,,,,,,,,,,,,,,,,,,,,,,,,,,,,,,,,,,Монтрёй,,,,,,,,,,,,,,,,,,,,,,,,Монтрей,,,,,,,,,,,,,,,,Montreuil-sous-Bois,,,city,,,,Q193370,,,,,,,,,,,,,,,,,,,,,,,,,,,,,,,,,,,,,,,,,,,,,,,,,,,,,,,,,,,,,,,,,,,,,,,,,,,,,,,
node,26692268,43.2957547,-0.3685668,64000,,,6,,,,,,Pau,,,,بو,,,,,,,,,,,,,Pau,,,,,,,,,Πω,,,,Paŭo,,,Paue,,,,,,,,,,,,,,,,,,,,,,Pau,,,,ポー,,,,,,,,,,,,Palum,,,,,,Po,,,,,,,,,,,,,,,,,,,,Pau,,,,,,,,,,,По,,,,,,,,,,По,,,,,,,,,,,,,,По,,,,,,,,,,,,,波城,,,,,,city,,,ieo-bdtopoc,Q132671,fr:Pau,,,,,216404459,,,,,,https://www.pau.fr/,,,,,,,,,,,,,,,,,,,,,,,,,,,,,,,,,,,,,,,,,,,,,,,,,,,,,,,,,,,,,,,,,,,
node,26692383,48.935773,2.3580232,93200,,,7,,,,,,Saint-Denis,,,,سان دوني,,,,,,,,,,,,,,,,,,,,,,Σαιν-Ντενί,,,,Sankta-Denizo,,,,,,,,Saint-Denis,,,,,,,,,,,,,,,,,,,,,サン＝ドニ,,,,,,,,,,,,,,,,,,,,,,,,,,,,,,,,,,,,,,,,,,,,,,,,,,,,,,,,,,,,,,,,,,,,,,,,,Сен-Дені,,,,,,,,,,,,,,,,,,,city,,,,Q160506,fr:Saint-Denis (Seine-Saint-Denis),,,,,,,,,,,,سان دونيس,,,,,,,,,,,,,,,,,,,,,,,,,,,,,,,,,,,,,,,219300662,,,,,,,,,,,,,,,,,,,,,,,,,,,
node,26692465,45.8992348,6.1288847,74000,,,6,,,,,,Annecy,,,,آنسي,,,,,,,,,,,,,,,,,,,,,,Ανεσύ,,,,Anecio,,,,,,,,,,,,,,,,,,,,,,,,,,,,,,,,,,,,,,,,,,,,,,,,,,,,,,,,,,,,,,,,,,,,,,,,,,,,,,Анси,,,,,,,,,,,,,,,,,,,,,,,,,,,,,,,,,,,,,,,,,,,city,,,,Q50189,fr:Annecy,,,Ènneci,,,,,,,,,,,,,,Anci',,,阿讷西,阿訥西,,,,,,,,,,,,,,,,,,,,,,,,,,,,,,217400100,,,,,,,,,,,,,,,,,,,,,,,,,,,
node,26692561,48.6937223,6.1834097,,,,6,,,,,,Nancy,,,ናንሲ,نانسي,,,,,,Нансі,,Нанси,,ནཱན་སི།,,,,,,,,,,,Nancy,Νανσύ,,,,Nancio,,,,,نانسی,,,Nancy,,,,,,,,,,,,,נאנסי,नांसी,,,Nancy,Նանսի,,,ナンシー,,ნანსი,Нанси,,,낭시,,,,,,Nanceium,Nanzeg,,,,,Nansi,Nansī,,,,Нанси,,,नान्सी,,,,نانسی,,,,,,,,Nancí,,,ਨਾਨਸੀ,,نینسی,,,,,,Нанси,,,,,,,,,,Нанси,,,,,,Нанси,น็องซี,,,,,,,Нансі,,,,,,,,,,,,,南锡,,,,,,city,,,,,,,,,,,,,,,,,,,Nansi,,,,,Nanzig,,,,,,,,,,,,,,,,,,,,,,,,,,,,,,,,,,,,,,,,,,,,,,,,,,,,,,,,,,,
node,26692577,48.2971626,4.0746257,10000,,,6,,,,,,Troyes,,,,تروا,,,,,,,,,,,,,,,,,,,,,,Τρουά,,,,,,,,,تروا,,,Troyes,,,,,,,,,,,,,טרואה,,,,Troyes,,,,トロワ,,,,,,트루아,,,,,,Trecae,,,,,,Trua,,,,,,,,,,,,,,,,,,,,Tròias,,,,,,,,,,,Труа,,,,,,,,,,Троа,,,,,,,ทรัว,,,,,,,Труа,تروئے,,,,,,,,,,,,特鲁瓦,,,,,,city,,,,Q5489,fr:Troyes,,,,,211003744,,,,,,https://www.ville-troyes.fr/,,,,,,,,,,,,,,,,,,,,,,,,,,,,,,,,,,,,,,,,,,,,,,,,,,,,,,,,,,,,,,,,,,,
node,26761400,43.2961743,5.3699525,13000;13001;13002;13003;13004;13005;13006;13007;13008;13009;13010;13011;13012;13013;13014;13015;13016,,Mác-xây,4,,,,,,Marseille,,,,مرسيليا,,,Marsella,,,,,Марсилия,,,Marsilha,,Marsella,,مارسیلیا,,,,,,Marseille,Μασσαλία,,Marseille,,Marsejlo,Marsella,,,,مارسی,,,Marseille,,,,,,Marsella,,,,,,,מרסיי,,,,,,,Marsiglia,マルセイユ,,,,,ಮಾರ್ಸೇಯ,,,,Marsêy,,,Massalia,,,,,,Marselis,,,,,Марсеј,,,,,,,مارسی,,,,,,,,Marselha,,,,Marsylia,مارسیلز,,,Marselha,,,Марсель,,,,,,,,,,Марсељ,,,,,,,,,,Марсель,,,,Марсель,مارسئی,,,,Mạc Xây,,,,,,,,馬賽,,,Sans Nom,,,city,855393,,ieo-bdtopoc,Q23482,fr:Marseille,,Marselha,,,211300553,FRMRS,INSEE 2013,,,,,مرسيلية;مارسيليا;مارساي,,,,,,,,马赛,,,,,,,,,,,,,,,,,,,,Marsilya,,,,,,مارسی,,,,,,,Sans Nom,مارسەل,مارسێی,ofis publik ar brezhoneg,,,,,,,,,,,,,,,,,,,,,,
node,51341115,41.9263991,8.7376029,20000,,,4,,,,,,Ajaccio,,,,أجاكسيو,,,,,,Аячча,,,,,,,Aiacciu,,,Aiacciu,,,,,,Αιάκειο,,,,,,,,,آژاکسیو,,,Ajaccio,,,,,,,,,,,,,,,,,,,,,アジャクシオ,,,,,,,,,,,,,,,,,,Ajačas,,,,,,,,,,,,,,,,,,,,,,,,,,,,,,,Аяччо,,,,,,,,,,,,,,,,,,,,,,,,Аяччо,اژاکسیو,,,,,,,,,,,,阿雅克肖,,,,,,city,,,,Q40104,fr:Ajaccio,,,,,,,,,,,,,,,,,,,,,,,,,,,,,,,,,,,,,,,,,,,,,,,,,,,,,,,,,Aiacciu,,,,,,,,,,,,,,,,,,,,,
node,65442261,43.6112422,3.8767337,,,,6,,,,,,Montpellier,,,,مونبيلييه,,,,,,,,Монпелие,,,,,Montpeller,,,,,,,,,Μονπελιέ,,,,Montpeliero,,,,,مون‌پلیه,,,Montpellier,,,,,,,,,,,,,מונפלייה,,,,,,,,モンペリエ,,,,,,몽펠리에,,,,,,Monspessulanus,,,,,,Monpeljė,,,,,,,,,,,,,,,,,,,,Montpelhièr,,,,,,,,,,,Монпелье,,,,,,,,,,Монпеље,,,,,,,,,,,,,,Монпельє,,,,,,,,,,,,,蒙彼利埃,,,,,,city,,,ieo-bdtopoc,Q6441,fr:Montpellier,,,Montpelyiér,,,,,,,,https://www.montpellier.fr/,,,,,,Monpeljero,,,蒙彼利埃,蒙佩利爾,,,,,,,,,,,,,,,,,,,,,,,,,,,,,,,,,,,,,avertissement -> addr:postcode34000;34070;34080;34090 créer un boundary pour chaque code,,,,,,,,,,,,,,,,,,,,
node,246835820,14.6027962,-61.0676724,97200;97234,8,,4,yes,,,,,Fort-de-France,,,,فور دو فرانس,,,,,,Форт-дэ-Франс,Форт-дэ-Франс,Фор дьо Франс,,,,,,,,,,,,,,Φορ-ντε-Φρανς,,,,,,,,,فور-دو-فرانس,,,,,,,,,,,,,,,,פור-דה-פראנס,,,,Fort-de-France,,,,フォール＝ド＝フランス,,ფორ-დე-ფრანსი,,,,포르드프랑스,,,,,,,,,,,,For de Fransas,Fordefransa,,,,Фор де Франс,,,फोर्ट-दे-फ्रान्स,,,,فور دو فرانس,,,,,,,,,,Фор-де-Франс,,,فورٹ ڈی فرانس,,,,,,Фор-де-Франс,,,,,,,,,,Фор де Франс,,,,,,,ฟอร์-เดอ-ฟร็องส์,,,,,,,Фор-де-Франс,,,,,,,,,,,,,法蘭西堡,,,Fort Royal,,,city,,,,Q81621,fr:Fort-de-France,Foyal,,Fôrt-de-France,,,MQFDF,,,,,http://www.fortdefrance.fr/,,,,,,,,,,,,,,,,,,,,,,,,,,,,,,,,,,,,,,,,,,,,,,,,Fodfrans,Fodwans,,,,,,,,,,,,,,,,,,
node,246837430,-20.8799889,55.448137,97400,8,,4,,,,,,Saint-Denis,,,,سان ديني,,,,,,Сен-Дэні,Сэн-Дэні,Сен Дьони,,,,,,,سەینت دێنیس,,,,,,,Σαν Ντενί,,Saint-Denis,,,,,,,سن-دونی، رئونیون,Saint-Denis,,,,,,,,,,,,,,,סן-דני,,,,,,,,サン＝ドニ,,სენ-დენი,,,,생드니,,,,,,Sanctus Dionysius,,,,,,Sen Deni,Sendenī,,,,Сен Дени,,,सेंट डेनिस,,,,سنت دنی، رئونیون,,,,,,,,,,,,,,,,,Saint Denis,,Сен-Дени,,,,,,,,,,Сен Дени,Saint-Denis,,,,,,,,,,,,,Сен-Дені,,,,,Saint-Denis,,,,,Saint-Denis,,,聖但尼,,,,,,city,,,,Q47045,fr:Saint-Denis (La Réunion),,,Sant-Denis,,,,,Saint-Denis,,,,,,,,,,,,,,,,,,Saint-Denis,,,,,,,,,,,,,,Saint-Denis,,,,,,,,,,,,,,,,,,,,,positionné au niveau ancienne mairie,Saint-Denis,Saint-Denis,Saint-Denis,Saint-Denis,Saint-Denis,Saint-Denis,Saint-Denis,,,,,,,,,,
node,258513226,-17.5373835,-149.5659964,98714,,,3,yes,,territory,,,Papeete,,,,بابيتي,,,,,,Папеэтэ,Папээтэ,Папеете,,,,,,,,,,,,,Papeete,Παπεέτε,,Papeete,,,,,,,پاپیته,,,Papeete,,,,,,,,,,,,,,,,,,Պապեետե,,,パペーテ,,პაპეეტე,,,,파페에테,,,,,,,,,,,,Papeetė,,,,,Папете,,,पापीती,,,,,,,,,,,,,,Папеэте,,,پاپیٹی,,,,,,Папеэте,,,,,,,,,,Папете,,,,,,,ปาเปเอเต,,,,,,,Папеете,پاپیٹی,,,,,,,,,,,,帕皮提,,,,,,city,26050,,,Q130800,fr:Papeete,,,,,,,,,,,,,,,,,,,,,,,,,,,,,,,,,,,,,,,,,,,,,,,,,,,,,,,,,,,,,,,,,,,,,Pape’ete,,,,,,,,,
node,291987644,-22.2745264,166.442419,,3,,3,yes,,,,,Nouméa,,,,نوميا,,,,,,Нумеа,Нумэа,Нумеа,,,,,,,,,,,,,Noumea,Νουμέα,,,,Noumeo,Numea,,,,,,,Nouméa,,,,,,Noumea,,,,,,,,,,,Nouméa,,Nouméa,,ヌメア,,ნუმეა,,,,누메아,,,,,,,,,,,,Numėja,,,,,Нумеја,,,नूमेआ,,,,,,,,,,,,Nomea,,Нумеа,,Numea,,,,,,,Нумеа,,,,,,,,,,Нумеа,Nouméa,,,,,,,,,,,,,Нумеа,نومیا,,,,,,,,,,,,努美阿,,,,Port-de-France,,city,91386,,,Q9733,en:Nouméa,,,,,,,,,,,,,,Numea,,,,,,,,,,,,,,,,,,,,,,,,,,,,,,,,,,,,,,,,,,,,,,,,,,,Noumea,,,,,Нумеа,Noumea,,,,,,,
node,381988528,4.9371143,-52.3258307,97300,8,,4,,,,,,Cayenne,,,,كايين,,,,,,Каена,Каена,Кайен,,,,,Caiena,,,,,,,,,Καγιέν,,,,,Cayena,,,,کاین,,,Cayenne,,,,,,,,,,,,,קאיין,,,,,,,Caienna,カイエンヌ,,კაიენა,,,ಕಯೆನ್,카옌,,,,,,Caienna,,,,,,Kajenas,Kajenna,,,,Кајена,,,कायेन,,,,کاین,,,,,,,,,,Кайеннæ,,Kajenna,,,,Caiena,,,Кайенна,,,,,,,,Kayene,,Кајена,Cayenne,,,,,,,,,,,,,Каєнна,,,Cajena,,,,,,,,開雲,,卡宴,,,,,,city,,,,Q44401,fr:Cayenne,,,Cayene,,,,,,,,,,,,,,,,,,,,Cajen-a,,,,,,,,,,,,,,,,,,,,,,,,,,,,,,,,,,,,,,,,,,,,,,,,,Cajena,Kayen,,,,,
node,412476714,49.1810037,-0.3698915,14000,,,6,,,,,,Caen,,,,كاين,,,,,,,,,,,,,,,,,,,,,,Καέν,,Caen,,Kaeno,,,,,,,,,,,,,,,,,,,,,,,,,,,,,カーン,,,,,,,,,,,,,,,,,,Kanas,,,,,,,,,,,,,,,,,,Caen,,Can,,,,,,,,,,,Кан,,,,,,,,,,Кан,,,,,,,,,,,,,,Кан,,,,,,,,,,,,,,,,,,,city,106538,,,Q41185,fr:Caen,,,,,211401187,,INSEE 2016,,,,,,,,,,,,,卡昂,康城,,,,,,,,,,,,,,,,,,,,,,,,,,,,,,,,,,,,,,,,,,,,,,,,,,,,,,,,,
node,647953515,45.7733124,4.886899,69100,,,,,,,,,Villeurbanne,,,,,,,,,,,,,,,,,,,,,,,,,,,,,,,,,,,,,,,,,,,,,,,,,,,,,,,,,,,,,,,,,,,,,,,,,,,,,,,,,,,,,,,,,,,,,,,,,,,,,,,,,,,,,,,,,,,,,,,,,,,,,,,,,,,,,,,,,,,,,,,,,,,,,,,city,149019,30,,Q582,fr:Villeurbanne,,,,,216902668,,INSEE 2016,,,,https://www.villeurbanne.fr,,,,,,,,,,,,,,,,,,,,,,,,,,,,,,,,,,,,,,,,,,,,,,,,,,,,,,,,,,,,,,,,,,,
node,823582966,48.3905283,-4.4860088,29200,,,7,,,,,,Brest,,,,بريست,,,,,,Брэст,,Брест,,བེ་རེ་སི་ཊི,Brest,,,,,,,,,,,Βρέστη,,,,Brest,,,,,برست,,,Brest,,,,,,,,,,,,,ברסט,ब्रैस्त,,,,,,,ブレスト,,ბრესტი,Брест,,ಬ್ರೆಸ್ಟ್,브레스트,,,,,,Brestia,,,,,,Brestas,Bresta,,,,Брест,,,ब्रेस्त,,,,برست,,,,,,,,Brèst,,,,,بریسٹ,,,,,,Брест,,,,,,,,,,Брест,,,பிரெஸ்ட்,,,,แบร็สต์,,,,,,,Брест,بریسٹ,,,,,,,,,,,,布雷斯特,,,,,,city,141303,,,Q12193,fr:Brest,,,,,212900195,,INSEE 2013,,,,https://www.brest.fr/,,,,,,,,,,,,,,,,,,,,,,,,,,,,,,,,,,,,,,,,,,,,,,,,,,,,,,,,,,,,,,,,,,,
node,999426236,-20.9354584,55.2916763,,,,,,,,,,Le Port,,,,,,,,,,,,,,,,,,,,,,,,,,,,,,,,,,,,,,,,,,,,,,,,,,,,,,,,,,,レ・ポール,,,,,,,,,,,,,,,,,,,,,,,Ле Пор,,,,,,,,,,,,,,,,,,,,,,,,,,,,,,,,,,,,,,,,,,,,,,,,,,,,,,,,,,,,,,,,,,,,,city,,,,Q956943,fr:Le Port (La Réunion),,,,,,,,,,,,,,,,,,,,,,,,,,,,,,,,,,,,,,,,,,,,,,,,,,,,,,,,,,,,,,,,,,,,,,,,,,,,,,
node,1522668290,45.5662672,5.9203636,73000,,,6,,,,,,Chambéry,,,,,,,,,,,,,,,,,,,,,,,,,,,,,,,,,,,,,,,,,,,,,,,,,,,,,,,,,,Ciamberì,シャンベリ,,,,,,,,,,,,,,,,,,,,,,,,,,,,,,,,,,,,,,Chambèri,,,,,,,,,,,,,,,,,,,,,,,,,,,,,,,,,,,,,,,,,,,,,,,,,,,,,,city,135000,,ieo-bdtopoc,Q165090,fr:Chambéry,,,Chambèri,,,,,,,,,,,,,,,,Kamrach,,,,,,,,,,,,,,,,,,,,,,,,,,,,,,,,,,,,,,,,,,,,,,,,,,,,,,,,,,,
node,1664142674,42.6985304,2.8953121,66000,,,6,,,,,,Perpignan,,,Perpiñán,بيربينيا,,,,,,Перпіньян,,Перпинян,,,Perpinyà,,Perpinyà,,,,,,,,,Περπινιάν,,,,Perpinjano,Perpiñán,,Perpinyà,Perpiñán,پرپینیان,,,Perpignan,,,,,,Perpiñán,,,,,,,פרפיניאן,पेर्पिञां,,,,,,Perpignano,ペルピニャン,,,Перпиньян,,,페르피냥,,,,,,Perpinianum,,,,,,Perpinjanas,Perpiņāna,,,,,,,,,,,پرپینان,,,,,,,,Perpinhan,,Перпиньян,,,پرپگناں,,,Perpinhã,,,Перпиньян,,,,,,,,,,Перпињан,,,,,,,,,,,,,,Перпіньян,پرپینیا,,,,,,,,פערפיניאן,,佩皮尼昂,,佩皮尼昂,,,,,,city,120158,,ieo-bdtopoc,Q6730,fr:Perpignan,,,,,216601369,,INSEE 2020,,,,https://www.mairie-perpignan.fr/,,,,,,,,,,,,,,,,,,,,,,,,,,,,,,,,,,,,,,,,,,,,,,,,,,,,,,,,,,,,,,,30,Perpinia,班合比让,,
node,1691675873,44.841225,-0.5800364,33000;33100;33200;33300;33800,,,4,,,,,,Bordeaux,,ቦርዶ,,بوردو,,,Bordeos,,,Бардо,,Бордо,,,Bourdel,,Bordeus,,,,,,,,,Μπορντώ,,,,Bordozo,Burdeos,,Bordele,Burdeus,بوردو,,,Bordeaux,,,,,,Bordeos,,,,,,,בורדו,बोर्दो,,,,Բորդո,,,ボルドー,,ბორდო,Бордо,,ಬೊರ್ಡೋ,보르도,,,,,,Burdigala,,,,,,Bordo,Bordo,,,,Бордо,,,बोर्दू,,,,بوردو,,,,,,,,Bordèu,,Бордо,ਬੋਰਦੋ,,بورڈو,,,Bordéus,,,Бордо,,,,,,,,,,Бордо,,,பொர்தோ,,,,บอร์โด,,Burdeos,,,,,Бордо,بورڈو,,Bordò,,,,,,בארדא,,,,波尔多,,,,,,city,241287,,ieo-bdtopoc,Q1479,fr:Bordeaux,,,Bordôx,,213300635,,INSEE 2012,,,,http://www.bordeaux.fr/,,,Bordo,,,,Бордо,,,,,Bordò,,,,,,,,,,,,,,,,Bordèu,,,,,,,,,,,,,,,,,,,,,,,,,,,,,,,,,,,,,,Bordo,ບອກໂດ
node,1701090139,43.7009358,7.2683912,,,,6,,,,,,Nice,,,,نيس,,,Niza,,,,,,,,,,Niça,,,,,,,,Nizza,Νίκαια,,Nice,,Nico,Niza,,,,,Nizza,,Nice,,,,,,,,,,,,,,,,,,,,Nizza,ニース,,,,,ನೀಸ್,,,,,,,,,,,,,Nica,,,,,,,,,,,,,,,,,,,,Niça,,,,Nicea,,,,Nice,,,Ницца,,,,,,,Nica,,,Ница,,,,,,,,,,,,,,Ніцца,,,,,,,,,,,,,尼斯,,,,,,city,,,ieo-bdtopoc,Q33959,fr:Nice,,,,,210600888,,,,,,,,,,06000;06100;06200;06300,,,,,,,,,,,,,,,,,,,,,,,,,,,,,,,,,,,,,,,,,,,,,,,,,,,,,,,,,,,,,,,
node,1909836591,49.4938975,0.1079732,76600;76610;76620,,,7,,,,,,Le Havre,,,,لو هافر,,,,,,Гаўр,,Хавър,,,An Havr-Nevez,,,,,,,,,,,Χάβρη,,,,Havro,El Havre,,,,لو آور,,,Le Havre,,,,,,O Havre,,,,,,,לה הבר,,,,Le Havre,Հավր,,,ル・アーヴル,,ჰავრი,Гавр,,ಲಾ ಹಾವ್ರ್,르아브르,,,,,,Portus-Gratiae,,,,,,Havras,Havra,,,,Авр,,,ला आव्र,,,,لو اور,,,,,,,,,,,,Hawr,لی ہاور,,,,,,Гавр,,,,,,,,,,Авр,,,லே ஆவர்,,,,เลออาฟวร์,,,,,,,Гавр,لو آور,,,,,,,,,,夏華,,勒阿弗尔,,,Havre-de-Grâce,Havre-de-Grâce,,city,,,,Q42810,fr:Le Havre,,,,,,FRLEH,,,,Franciscopolis,,,,Havr,,,,,,,,,,,,,,,,,,,,,,,,,,,,,,,,,,,,,217603513,,,,,,,,,,,,,,,,,,,,,,,,,,,
